Timestamp,Std2Min,Elongation_L,Area_L,Elongation_M,Area_M,Elongation_R,Area_R,Brightness
2023-12-16 13:35:12,198.43834,1.651115410046367,1642.0,1.0659702567764453,2960.5,1.3402829552931432,1147.5,107.85805550340775
2023-12-16 13:35:22,203.88145,1.7039228736737466,1335.5,1.096900823660858,2524.5,1.3180968506486028,922.0,104.32375820827448
2023-12-16 13:35:32,201.98988,1.677721018195455,1459.5,1.0902974809453498,2679.5,1.2887042808960396,962.5,105.90868554135292
2023-12-16 13:35:43,205.286,1.6722618623219363,1357.5,1.0921471182292937,2546.5,1.341914146786948,909.0,104.43623387489208
2023-12-16 13:35:53,204.66753,1.6824495166089628,1272.5,1.1003776216959695,2421.5,1.3046907502482745,840.5,103.6901426212096
2023-12-16 13:36:03,203.78438,1.692750271446657,1489.0,1.0930879580647466,2743.0,1.305795255890869,1000.0,106.23044868103781
2023-12-16 13:36:13,202.7521,1.6690859655098185,1391.5,1.0915615549279145,2588.5,1.3216743675729163,937.0,105.00156846897
2023-12-16 13:36:23,204.03868,1.6818711114911793,1324.5,1.1027064500981447,2546.5,1.2845555756188816,879.5,104.48911356833499
2023-12-16 13:36:33,200.29965,1.6669576649320796,1603.0,1.0720740906046617,2922.5,1.3027503243868384,1082.0,107.38666686591134
2023-12-16 13:36:43,200.25299,1.6627431293651116,1540.0,1.0648719855017446,2809.0,1.352610409060573,1090.5,106.56053304251473
2023-12-16 13:36:53,196.90294,1.667222916999088,1801.5,1.0779227967685832,3128.5,1.3679550686279762,1291.0,109.34261609505862
2023-12-16 13:37:04,200.12415,1.6581772838309439,1670.0,1.0683128036239018,2943.0,1.3237276389075068,1120.5,107.59843932710797
2023-12-16 13:37:14,202.6907,1.6772378282150329,1438.5,1.0810683845732711,2682.5,1.2792908838075823,963.5,105.60015284544106
2023-12-16 13:37:24,200.14824,1.6816807805246894,1642.0,1.0738901841489041,2936.0,1.3183826463126698,1111.0,107.8608830951496
2023-12-16 13:37:34,202.84073,1.6775082745437813,1416.5,1.0708278288683448,2629.5,1.3049184261414064,942.5,105.14154596228994
2023-12-16 13:37:44,200.01205,1.6750052618902926,1526.5,1.0897805695471623,2798.0,1.3102433773351148,1058.5,106.41883512976196
2023-12-16 13:37:54,198.88696,1.6821996605977452,1786.5,1.0793015002553843,3174.5,1.337535028986939,1261.5,109.4864612240374
2023-12-16 13:38:04,205.02908,1.658533961880661,1446.0,1.0889038917910696,2713.0,1.3304579174676463,990.5,105.18162417786158
2023-12-16 13:38:15,201.47311,1.6546244733405233,1479.5,1.084838811224642,2763.0,1.3243355287321332,1041.5,105.70347651045367
2023-12-16 13:38:25,198.13354,1.6647911357422926,1658.5,1.0716706315234876,2900.5,1.276790998960014,1107.0,107.5100649803636
2023-12-16 13:38:35,203.43486,1.6938502429995168,1453.5,1.0869096232478552,2683.0,1.2711783247067507,950.5,105.40648172159496
2023-12-16 13:38:45,200.27928,1.666220818205756,1614.5,1.0840043894899016,2897.5,1.3210766762043837,1119.0,107.26645577845377
2023-12-16 13:38:55,203.17902,1.6755587487264503,1628.5,1.08802501100772,3014.0,1.3622605523768216,1116.0,108.26250723954375
2023-12-16 13:39:05,206.93509,1.6693922456082337,1241.0,1.0989892655470799,2419.5,1.335028134265963,849.5,103.3922609670759
2023-12-16 13:39:15,199.6675,1.6542104811197764,1699.0,1.0839082400165063,2993.0,1.3273391410290714,1191.0,107.62159190765547
2023-12-16 13:39:26,202.69289,1.6856197987777222,1404.5,1.0810917626192278,2606.5,1.2657017919573614,896.5,104.18772294182958
2023-12-16 13:39:36,203.16986,1.6661453816319876,1399.0,1.084153275675721,2631.0,1.2653331104149206,918.0,104.87292947011046
2023-12-16 13:39:46,203.6085,1.6802880560492839,1483.5,1.0862704711586233,2735.0,1.2798379277337872,987.0,105.70906849499673
2023-12-16 13:39:56,203.80254,1.6802425784909503,1469.5,1.0928580139622095,2727.5,1.2984818920776806,979.5,105.59161611517968
2023-12-16 13:40:06,202.40523,1.6758834052609257,1399.0,1.0859356914746863,2608.0,1.3537747321539788,962.5,104.46688686832096
2023-12-16 13:40:16,203.11208,1.669111791944164,1405.0,1.0933234149537643,2643.0,1.2860471187080702,929.0,105.72233101874373
2023-12-16 13:40:26,200.09953,1.6569957931183856,1601.0,1.070536591726083,2925.5,1.3682511726924012,1138.0,107.35917836983242
2023-12-16 13:40:36,200.76497,1.6648903724212827,1529.5,1.0662223144772747,2798.0,1.2712694054574223,1047.0,106.85061409085638
2023-12-16 13:40:47,202.55312,1.6828068117707449,1488.0,1.0927722709975947,2739.0,1.2259058442115829,968.5,106.07107377047383
2023-12-16 13:40:57,200.96025,1.6690621773869814,1528.5,1.0737180064078653,2795.0,1.272404942025439,1011.5,106.17486412457767
2023-12-16 13:41:07,202.05597,1.6857887933777915,1335.5,1.0904435570202713,2515.0,1.2880483097308904,884.0,104.50283472211147
2023-12-16 13:41:17,203.39273,1.6750333748075985,1508.5,1.0767125517128597,2783.5,1.3034657563947012,1005.0,106.6785078782172
2023-12-16 13:41:27,201.91122,1.6736779357164981,1549.0,1.082483344219294,2835.5,1.3551960418746567,1060.0,106.7833430618226
2023-12-16 13:41:37,205.81558,1.675367799842123,1211.5,1.1230840623782812,2400.0,1.3348002911920913,822.0,103.21783897103525
2023-12-16 13:41:47,198.90303,1.6512409486797872,1811.0,1.0797366043777679,3199.0,1.3295780886887203,1263.5,109.67578950131227
2023-12-16 13:41:58,202.22354,1.6663427954635992,1540.0,1.0830772581658705,2820.5,1.3340051923855718,1033.5,106.60115417591003
2023-12-16 13:42:08,200.96843,1.6667845645167256,1574.5,1.0886067770920957,2879.5,1.3696076291710504,1108.0,107.04989258989193
2023-12-16 13:42:18,200.18024,1.6605163029503842,1662.5,1.0769529727645717,2982.5,1.3569926596518542,1159.5,108.47798225058446
2023-12-16 13:42:28,202.30705,1.6881816094076114,1493.0,1.0976655232888104,2762.5,1.2951774751070526,998.0,106.39780859478816
2023-12-16 13:42:38,204.45996,1.683965485513558,1407.5,1.097066015232743,2649.5,1.2627808717729008,900.5,105.11048282503104
2023-12-16 13:42:48,203.42348,1.6511961793257166,1466.5,1.0755611341226636,2715.5,1.3012096645881432,968.5,106.06205131426252
2023-12-16 13:42:58,203.59538,1.684846192703862,1431.0,1.1014395205299174,2713.0,1.3609684116756062,1038.5,106.40164435010956
2023-12-16 13:43:08,nan,,,,,,,nan
2023-12-16 13:43:19,201.5477,1.6641539113714015,1596.0,1.0855181170647474,2888.5,1.332713879530549,1090.5,116.88335751473679
2023-12-16 13:43:29,204.71054,1.6677129041538548,1376.0,1.093101439534277,2630.0,1.3579163019221767,931.5,104.88385574820138
2023-12-16 13:43:39,202.47565,1.5507823686414473,49.5,6.791167148403499,2066.0,1.6701950541296164,1602.5,110.7318019401137
2023-12-16 13:43:49,202.3139,1.6592401105820673,1496.5,1.071005689757322,2767.0,1.2941782932705777,1025.0,107.16562277939782
2023-12-16 13:43:59,200.25476,1.6836096157561278,1640.0,1.084403940050794,2950.5,1.3554525442031806,1155.5,108.55543593786436
2023-12-16 13:44:09,197.52055,1.6432446482188408,1770.5,1.0656107530634573,3134.5,1.285159536764323,1191.5,124.57338352822431
2023-12-16 13:44:19,nan,,,,,,,nan
2023-12-16 13:44:30,202.93213,1.672078554277113,1381.5,1.1018173490798242,2638.0,1.3089566249912015,952.5,104.81057083501139
2023-12-16 13:44:40,201.34189,1.6677311321061052,1641.5,1.087060360329967,2967.0,1.3338986747322534,1134.0,108.14892936276328
2023-12-16 13:44:50,200.85068,1.6661674001613875,1616.5,1.0660333366110242,2915.5,1.333614068390037,1113.5,106.67771633738396
2023-12-16 13:45:00,205.01543,1.6850451633087977,1400.0,1.1103561518066545,2631.5,1.3099748605791044,943.0,105.80423273110864
2023-12-16 13:45:10,199.28758,1.626397508998343,1807.5,1.0505439872227527,3186.0,1.3258455957967952,1268.0,109.24656241710699
2023-12-16 13:45:20,201.99081,1.6754611523427696,1646.5,1.0778889916776644,2972.5,1.397754181685713,1166.5,107.32652061777125
2023-12-16 13:45:30,203.12657,1.6835275682242365,1434.0,1.0870101780835397,2646.5,1.2666735972473067,947.0,104.9466178631325
2023-12-16 13:45:41,207.1005,1.6797029635919178,1369.0,1.100626375058045,2639.5,1.2848359037797503,899.5,104.91529853123438
2023-12-16 13:45:51,201.19397,1.6647109994602,1727.0,1.0724085048607117,3128.0,1.3973893450151642,1250.5,108.75536229155598
2023-12-16 13:46:01,203.11192,1.6587115715274436,1593.5,1.0868613158860756,2917.0,1.3390289260971164,1080.0,106.85164570426039
2023-12-16 13:46:11,204.37015,1.6670129262448998,1462.0,1.0757796068197079,2741.0,1.3216583934337185,1000.5,105.72276132178055
2023-12-16 13:46:21,202.96855,1.6708330603831871,1475.5,1.093527118299986,2712.0,1.3268755844737432,1020.0,105.4491790352154
2023-12-16 13:46:31,206.0759,1.690039882519918,1408.5,1.109639810589276,2654.0,1.2693031393231506,920.0,105.1616419173204
2023-12-16 13:46:41,205.76175,1.6881183810095512,1215.5,1.0914483830593258,2393.0,1.304008838247985,826.5,102.78063415049697
2023-12-16 13:46:52,204.87964,1.684413937331551,1446.0,1.0852214013921238,2732.0,1.2724587770583857,949.5,105.72213935346107
2023-12-16 13:47:02,206.77257,1.6860322733995663,1366.5,1.0923433858331957,2643.5,1.3360010124687651,953.5,104.89455239046627
2023-12-16 13:47:12,206.1478,1.704074610698787,1295.5,1.1175462783766539,2510.0,1.3629565613339403,885.0,103.58767603950184
2023-12-16 13:47:22,205.48091,1.6735299896766958,1371.5,1.0860737533315727,2597.5,1.272861809453338,892.0,104.52619766866567
2023-12-16 13:47:32,208.65091,1.684564458606563,1144.0,1.0952054560885223,2291.0,1.2992174422747096,743.5,102.01215488251157
2023-12-16 13:47:42,206.01025,1.7080263955331407,1221.0,1.109557280680539,2367.5,1.2197517752476337,765.5,102.91932212846424
2023-12-16 13:47:52,202.72345,1.662722927119737,1539.0,1.0794989534301644,2822.5,1.2895367024351767,1021.0,106.14216717622085
2023-12-16 13:48:02,205.5641,1.6808024547094191,1325.0,1.0887243159645303,2561.5,1.3183778079786121,897.5,104.16978321664213
2023-12-16 13:48:13,208.14,1.7154685536885683,1232.0,1.1228423905390033,2460.5,1.3269170863927828,818.5,103.26034621856127
2023-12-16 13:48:23,204.13353,1.6702307009064379,1494.5,1.082677616653769,2798.0,1.3945168578673637,1058.0,105.94307455297584
2023-12-16 13:48:33,206.26636,1.7083626677453723,1151.0,1.0908265529796404,2306.5,1.3373269109821775,790.5,101.97927256272474
2023-12-16 13:48:43,209.62772,1.6942033204346731,1034.0,1.1136026964416588,2117.5,1.2583879146196646,649.0,101.019879142301
2023-12-16 13:48:53,204.9501,1.683267693293993,1450.0,1.0763605518352708,2724.5,1.292533105985466,962.5,105.50944837890889
2023-12-16 13:49:03,206.35278,1.660521726962149,1327.0,1.0941483348686698,2572.5,1.3811914626953976,937.0,105.21509353147015
2023-12-16 13:49:13,205.64227,1.6713042387278279,1457.0,1.1009080402112061,2735.0,1.2815161590580093,964.5,105.49317462551991
2023-12-16 13:49:24,208.96544,1.6855139573781166,1167.0,1.0914315293543773,2366.0,1.3069446384706649,768.0,103.05853618263625
2023-12-16 13:49:34,213.4197,1.580052688823733,458.0,1.1177223887480272,1311.0,1.2040776210452,254.0,94.56714056353427
2023-12-16 13:49:44,201.51959,1.6579591442505333,1668.5,1.067277651925416,3022.5,1.2664264858271772,1124.0,107.94645065481211
2023-12-16 13:49:54,202.91374,1.6798679075475744,1446.0,1.0650059868458388,2757.5,1.303518763281943,998.5,106.04228528512324
2023-12-16 13:50:04,205.78839,1.7016451557826442,1192.5,1.0998645903368651,2335.5,1.306430215566646,795.0,102.82866493129305
2023-12-16 13:50:14,202.89008,1.65842426567115,1500.0,1.078945482890856,2779.0,1.2468390821042707,970.5,106.45247226870104
2023-12-16 13:50:24,208.20665,1.6860961769442597,1227.5,1.0910852925340544,2406.0,1.243234380873047,772.5,102.84539219874986
2023-12-16 13:50:35,205.13185,1.6958274986049657,1305.0,1.0895126132254465,2504.0,1.2949091732554918,862.5,103.9668744434286
2023-12-16 13:50:45,205.99258,1.685825426938116,1304.5,1.087960815205968,2486.0,1.2114728549347742,803.5,103.79015498848571
2023-12-16 13:50:55,207.99074,1.6973520465969736,1129.0,1.098257319300211,2318.0,1.33799865097631,782.5,101.85278094257876
2023-12-16 13:51:05,203.39673,1.6774228741566342,1528.5,1.099879479710225,2832.5,1.3006511470118187,1033.5,106.35920289352052
2023-12-16 13:51:15,204.74103,1.672324710010468,1579.0,1.0859870015368829,2927.5,1.3229471299227429,1059.5,106.96456302884906
2023-12-16 13:51:25,205.35954,1.6850153025494317,1324.0,1.079621568494371,2545.5,1.3406592332105567,923.5,104.13661763929674
2023-12-16 13:51:35,204.45718,1.6885036352233398,1393.0,1.0933797966362122,2624.0,1.2774831863540148,944.5,104.99334415000435
2023-12-16 13:51:45,206.89188,1.6887010728006184,1273.0,1.0835801319858227,2465.5,1.2495964085541187,794.5,103.85302237606629
2023-12-16 13:51:56,204.34506,1.6648197844891808,1467.5,1.0947904385683875,2745.0,1.2753119210176638,978.5,105.94913943499704
2023-12-16 13:52:06,202.9779,1.6666516078480855,1464.0,1.087429679397168,2739.5,1.3102826342160014,986.5,106.4318146087418
2023-12-16 13:52:16,208.06192,1.7013801672444084,1324.5,1.0877477550729737,2607.5,1.3131910467059502,882.0,104.73622415548103
2023-12-16 13:52:26,205.43442,1.6974275655936406,1217.5,1.0997901305104478,2392.5,1.3407960370760021,843.5,102.99545571500508
2023-12-16 13:52:36,205.04277,1.6842297986644712,1335.5,1.0981801402874447,2545.0,1.228564243756969,861.0,113.29141153811186
2023-12-16 13:52:46,nan,,,,,,,nan
2023-12-16 13:52:56,206.72441,1.692395930122001,1258.5,1.1122029913020757,2474.0,1.2682763130821848,823.5,104.14607318598813
2023-12-16 13:53:07,nan,,,,,,,nan
2023-12-16 13:53:17,nan,,,,,,,nan
2023-12-16 13:53:27,nan,,,,,,,nan
2023-12-16 13:53:37,nan,,,,,,,nan
2023-12-16 13:53:47,nan,,,,,,,nan
2023-12-16 13:53:57,200.39905,1.664128512868249,1664.5,1.0899249682258547,2995.0,1.2929857217230925,1136.0,107.91865332072022
2023-12-16 13:54:07,200.0775,1.659451078892822,1828.0,1.070734299181145,3229.5,1.3315678702878322,1261.5,109.66982289431624
2023-12-16 13:54:18,202.45796,1.6823389484872093,1503.0,1.0755572517256937,2799.0,1.3006187593284442,1014.5,107.14548283602927
2023-12-16 13:54:28,206.12999,1.68971008696131,1318.0,1.1023995398844861,2568.5,1.271462145622404,880.5,104.63614932058792
2023-12-16 13:54:38,208.28897,1.6869344177278334,1176.0,1.1058097254016912,2388.0,1.3076562219859347,781.0,102.99051060847981
2023-12-16 13:54:48,210.27194,1.7165716199906838,1009.5,1.1229184294747414,2168.5,1.3062075657087067,668.0,101.09676555580899
2023-12-16 13:54:58,205.93202,1.67849871217378,1350.5,1.0984477018138674,2599.0,1.255489240788711,872.0,105.0350142855881
2023-12-16 13:55:08,204.2988,1.6999001227319654,1517.0,1.0764977496186776,2842.0,1.3247678632693618,1038.5,106.9512623825131
2023-12-16 13:55:18,207.2865,1.6908660620909417,1190.0,1.1140901973643538,2373.5,1.3141549395320864,812.5,103.16047852469936
2023-12-16 13:55:29,202.47183,1.6819688528361523,1522.5,1.0867474756900963,2810.0,1.2759057221282197,1008.0,106.35800378750605
2023-12-16 13:55:39,209.65137,1.7081376801657127,1008.0,1.1090466089334012,2100.5,1.3179731874082776,658.0,100.4964970082891
2023-12-16 13:55:49,207.3922,1.6924787402652328,1368.0,1.1042091308164101,2639.5,1.2737458142070446,882.0,105.4414654134231
2023-12-16 13:55:59,204.68533,1.6584878836294368,1428.0,1.0846453048217954,2705.5,1.287784963412291,933.5,105.71512099685484
2023-12-16 13:56:09,205.69368,1.6785997352183846,1401.5,1.0912469171898307,2663.5,1.3454981774008554,959.5,105.60195542853509
2023-12-16 13:56:19,203.9472,1.6863632560834338,1402.0,1.0967009593836479,2659.5,1.305148801732611,948.0,105.1405200634708
2023-12-16 13:56:30,203.13316,1.66176714303733,1635.5,1.0950701216176681,3005.5,1.3416851629908766,1112.0,108.39824898451063
2023-12-16 13:56:40,203.35394,1.6803025058798156,1565.0,1.0733380748534622,2891.5,1.3725693308371019,1094.0,107.18497714444348
2023-12-16 13:56:50,202.18404,1.6640792689292814,1638.5,1.0972055720123257,2979.5,1.3201039981194909,1120.0,107.64319519079308
2023-12-16 13:57:00,204.05696,1.6939459055550778,1442.5,1.0847349807215276,2726.0,1.2533839309003376,927.0,106.06430126317099
2023-12-16 13:57:10,204.52168,1.7013505822836945,1399.0,1.097184406009741,2666.5,1.355729760725873,965.5,105.51071016405703
2023-12-16 13:57:20,205.22916,1.6784633061190561,1353.0,1.1024229417244802,2608.5,1.2520290946384642,882.0,105.2608540310346
2023-12-16 13:57:30,202.96957,1.6712563203728872,1630.0,1.083149344052954,3003.5,1.3161864804703207,1117.0,108.38198591114818
2023-12-16 13:57:41,206.91312,1.7067852369451544,1391.5,1.1017756939837269,2687.5,1.3311523833928942,971.5,106.10741144267082
2023-12-16 13:57:51,198.07076,1.647346339400364,1915.5,1.0862833809444317,3348.0,1.3403182107552554,1363.0,111.16127432870725
2023-12-16 13:58:01,202.92001,1.6622631565002595,1558.5,1.0889051449850784,2887.0,1.37421870575102,1082.5,106.86320547184118
2023-12-16 13:58:11,200.93471,1.6725125242170111,1615.0,1.0844515626933375,2949.5,1.323722949642132,1097.5,107.73266938403026
2023-12-16 13:58:21,205.9577,1.6657189509644579,1433.0,1.0926823299967496,2730.0,1.2896083000938492,931.0,105.79963857243723
2023-12-16 13:58:31,199.74146,1.6731577966152889,1726.0,1.0752488017015542,3081.0,1.3573871491454361,1204.5,108.31597185888421
2023-12-16 13:58:41,207.74084,1.6746100710255578,1330.0,1.1084922517741664,2611.5,1.2802699380084226,879.0,105.12569196801715
2023-12-16 13:58:52,203.82802,1.6750004747299012,1467.0,1.1016109005704433,2809.0,1.3589526796448879,1040.5,106.64458145958776
2023-12-16 13:59:02,199.24469,1.6539619572284618,1775.5,1.0813747850622115,3172.0,1.290326858857788,1236.0,109.6046347878801
2023-12-16 13:59:12,206.82466,1.6774642218869396,1278.5,1.107847898821271,2522.5,1.3219055953784897,846.0,104.62073531464975
2023-12-16 13:59:22,201.5081,1.6826727532739547,1531.5,1.0849753949191372,2832.0,1.3547285251974919,1064.0,107.26374278200035
2023-12-16 13:59:32,205.3254,1.6915928337015185,1245.0,1.0929614915213144,2434.0,1.2545580313253684,801.0,103.43038880943297
2023-12-16 13:59:42,205.88795,1.6710174994692264,1491.5,1.0947429316651,2821.5,1.3013108646538318,986.5,106.91087947588704
2023-12-16 13:59:53,204.35829,1.686327864295852,1489.0,1.0851215181932616,2808.5,1.3242513657927544,1028.5,106.59057024277259
2023-12-16 14:00:03,204.60674,1.690870728797512,1383.0,1.101883873011425,2678.5,1.324842605271543,937.0,105.3303313939764
2023-12-16 14:00:13,201.6505,1.6539173578773303,1727.0,1.072274467785644,3139.5,1.315274824717174,1175.5,109.1084155659221
2023-12-16 14:00:23,206.11748,1.696266032945654,1245.0,1.102981620096053,2465.0,1.2719106918900092,831.5,103.77202253940315
2023-12-16 14:00:33,205.02515,1.6814701568212758,1425.0,1.0977123643561095,2712.0,1.2782629532733258,945.0,106.2951923829529
2023-12-16 14:00:43,202.34215,1.67306529592302,1584.0,1.0781532440753394,2915.5,1.3405018734760326,1084.5,107.75709099694697
2023-12-16 14:00:53,206.40967,1.712721735728991,1196.0,1.1232620289897024,2383.0,1.2790395895285231,782.5,103.23747827410072
2023-12-16 14:01:04,207.30423,1.6917015025158166,1311.5,1.097603019885421,2548.5,1.2375809030465237,798.0,104.7019492807252
2023-12-16 14:01:14,206.29608,1.684962237428925,1461.5,1.0864676853759359,2758.5,1.3684764849182207,1003.0,106.018817569517
2023-12-16 14:01:24,206.3146,1.6912576456539026,1352.0,1.1086469965212284,2616.0,1.3331327601340248,933.0,105.60185363192835
2023-12-16 14:01:34,203.16225,1.6761421230702425,1600.0,1.075557975125314,2948.0,1.25825359332974,1070.0,107.96924032598866
2023-12-16 14:01:44,207.10011,1.6869988547737,1221.0,1.099019380582135,2411.0,1.344795349210858,817.0,103.44074915175916
2023-12-16 14:01:54,204.24263,1.6952102425806854,1397.5,1.0930644550007675,2627.0,1.270069610334226,909.5,105.2655542226174
2023-12-16 14:02:04,201.5669,1.646029529395766,1671.0,1.0608045289228087,3005.0,1.2838812265144575,1094.0,107.96440399014236
2023-12-16 14:02:15,207.03284,1.6697372728022202,1253.5,1.10328915558598,2461.5,1.2989079641210644,832.0,103.4784703642058
2023-12-16 14:02:25,203.39313,1.693258262581212,1377.5,1.0992849544922465,2612.0,1.2637914623617412,921.0,105.1369806269045
2023-12-16 14:02:35,205.97696,1.6618409315041534,1309.0,1.0999127574095675,2542.0,1.26185268679312,850.0,104.81510786283026
2023-12-16 14:02:45,204.13866,1.6723939474673517,1413.0,1.0867559761403418,2725.5,1.3225046677377377,962.5,105.78012212394027
2023-12-16 14:02:55,205.51558,1.6750184470542997,1437.0,1.085365887687478,2725.0,1.276872100994443,966.0,105.4229928015732
2023-12-16 14:03:05,202.7703,1.6449942785632552,1596.5,1.0819728043559256,2944.5,1.343995311754697,1098.5,107.119999139298
2023-12-16 14:03:15,206.11723,1.6907550584921913,1296.5,1.1165203013157725,2519.0,1.3281173903188144,900.5,104.31016583883685
2023-12-16 14:03:26,205.54576,1.68530073514858,1339.5,1.0958258482731056,2579.5,1.2179178765027452,831.0,104.72902310554782
2023-12-16 14:03:36,203.15439,1.6594880746666587,1669.5,1.0807734078356839,3034.0,1.3595435474310529,1143.0,108.19521366380272
2023-12-16 14:03:46,201.86008,1.6769114335846016,1631.0,1.0775550827273015,2982.0,1.3430821558755044,1138.5,107.8878413530609
2023-12-16 14:03:56,208.11206,1.7135074041770006,1260.0,1.1026930288051815,2491.5,1.3052509142245483,839.5,104.40160694783896
2023-12-16 14:04:06,201.20667,1.6901514605926806,1764.5,1.071931065627368,3179.5,1.3872291143838227,1261.5,109.70310928251857
2023-12-16 14:04:16,200.77318,1.6659582823558994,1687.0,1.1013334545130056,3061.0,1.3567538350528825,1184.0,108.75824492183368
2023-12-16 14:04:26,201.52841,1.6626869874351902,1661.0,1.0798633696601723,3032.0,1.2585758867261567,1086.5,108.68298484431479
2023-12-16 14:04:37,203.0983,1.6852092678797903,1530.5,1.0750971320993314,2860.5,1.3470471926147054,1050.0,107.2144783122364
2023-12-16 14:04:47,203.87631,1.6871238584415404,1434.0,1.0930065127826334,2704.5,1.3185299930166812,988.0,105.97031022597308
2023-12-16 14:04:57,201.38168,1.6418452870327547,1651.5,1.0911080507771664,2977.5,1.305174174219143,1101.0,107.95911236357875
2023-12-16 14:05:07,206.13414,1.6860880940579226,1405.0,1.0907355951934465,2691.0,1.2661964218715238,919.0,106.32945765665909
2023-12-16 14:05:17,202.42496,1.6826276022838957,1638.5,1.0941530716802927,3008.5,1.3468758828856695,1135.5,108.80226755233265
2023-12-16 14:05:27,201.37961,1.6645283196934042,1770.5,1.0760958415742945,3164.0,1.3095127993341376,1201.5,109.66792418681584
2023-12-16 14:05:37,196.30331,1.6607930609002532,1791.0,1.0844556149572677,3158.0,1.3146369321081515,1255.5,111.28005561337291
2023-12-16 14:05:48,nan,,,,,,,nan
2023-12-16 14:05:58,nan,,,,,,,nan
2023-12-16 14:06:08,nan,,,,,,,nan
2023-12-16 14:06:18,192.59532,1.6308000875176782,2241.0,1.0718458913608284,3742.5,1.3767884483004178,1692.0,114.73540008193025
2023-12-16 14:06:28,197.21733,1.646138483756266,1976.5,1.0645936968142193,3413.5,1.3358304187230388,1346.5,112.10790325059672
2023-12-16 14:06:38,203.97491,1.6891931206378115,1441.0,1.1026075323961995,2734.5,1.3428238111013637,987.5,112.22809988613194
2023-12-16 14:06:48,199.07884,1.6481394618844452,1668.5,1.0929244242087492,3008.0,1.322495241332315,1146.0,118.23221256474321
2023-12-16 14:06:59,200.76048,1.6738812947901247,1769.0,1.0804158909720563,3181.0,1.342287046074109,1242.0,119.93640992020173
2023-12-16 14:07:09,nan,,,,,,,nan
2023-12-16 14:07:19,nan,,,,,,,nan
2023-12-16 14:07:29,nan,,,,,,,nan
2023-12-16 14:07:39,199.60838,1.6759154064420507,1624.0,1.0769599035629922,2961.0,1.3085383283400063,1113.0,108.67649244445451
2023-12-16 14:07:49,nan,,,,,,,nan
2023-12-16 14:07:59,nan,,,,,,,nan
2023-12-16 14:08:10,198.62985,1.6958627468163459,1717.5,1.0930066202073803,3102.5,1.3235929850495927,1185.0,110.14968331496642
2023-12-16 14:08:20,197.99898,1.6522522312597734,1797.5,1.0879266887230667,3202.5,1.3327299064778249,1238.5,110.63063136849232
2023-12-16 14:08:30,195.74387,1.6219376446557252,2125.5,1.0622166158437265,3611.5,1.3954545646124996,1539.0,114.12816020486979
2023-12-16 14:08:40,196.95099,1.6702574264685,1841.5,1.0891559704357066,3236.0,1.374732156599361,1292.0,110.88831975341135
2023-12-16 14:08:50,200.8193,1.6745427502290908,1584.5,1.1003522665249388,2892.0,1.3380814314838307,1072.0,108.26879874091429
2023-12-16 14:09:00,196.76643,1.663677398747859,1799.5,1.0730753459789455,3176.0,1.303369199394159,1235.0,110.30191212774223
2023-12-16 14:09:10,200.1296,1.6653481462104427,1803.5,1.071342840720314,3178.0,1.3341963066959945,1213.0,110.77870654503924
2023-12-16 14:09:20,200.82979,1.6787238506323092,1731.5,1.1008256877858265,3141.0,1.416498858321727,1238.0,110.37455960303305
2023-12-16 14:09:31,197.98132,1.6782300955572844,1877.5,1.0827023122232309,3317.0,1.4134044039185636,1365.0,111.43723588167755
2023-12-16 14:09:41,200.12848,1.6702070337248238,1596.5,1.0877974985246153,2935.5,1.338005058788617,1093.0,108.68050367335306
2023-12-16 14:09:51,197.86313,1.664286811449356,1779.0,1.0830948748378926,3133.5,1.3993141970579532,1240.5,110.3043020905319
2023-12-16 14:10:01,197.46121,1.6353693610273077,1801.5,1.070751779167089,3179.5,1.333539965787836,1255.0,110.58325423792378
2023-12-16 14:10:11,197.12987,1.6487532245435892,1996.0,1.0633229059586895,3420.0,1.3550897567023337,1409.0,112.35460230581984
2023-12-16 14:10:21,202.04306,1.6862722041669862,1403.5,1.1064040403034052,2715.5,1.3323870875529398,985.0,107.06313816735738
2023-12-16 14:10:31,199.02988,1.6584104729762248,1802.5,1.075345554283214,3199.5,1.3283328378884505,1258.5,110.53798166428021
2023-12-16 14:10:42,197.43008,1.640753202090498,2078.0,1.0598711807513366,3584.0,1.3863103302286197,1506.0,113.51476713484718
2023-12-16 14:10:52,194.7335,1.6555004545146281,2048.0,1.0871861067947202,3554.0,1.451081796658134,1544.0,113.76474494118146
2023-12-16 14:11:02,191.84105,1.6231514421865356,2439.5,1.07394120878275,4024.0,1.389811163237172,1873.5,116.80225146959462
2023-12-16 14:11:12,193.6134,1.6178704691751686,2123.0,1.0669182928091514,3591.5,1.380614638477438,1569.0,113.79994030276832
2023-12-16 14:11:22,197.63063,1.683649801808781,1838.5,1.0863620032890848,3255.0,1.3742061283072795,1320.5,110.72212889176139
2023-12-16 14:11:32,196.83333,1.658093310495641,1896.0,1.0702684546191645,3330.0,1.3571085360366995,1324.0,111.63093007651679
2023-12-16 14:11:42,197.36797,1.6647959402673198,1815.0,1.067638144634769,3214.0,1.3795887919652523,1300.0,110.71243396715776
2023-12-16 14:11:53,197.07579,1.6751105999970577,1817.0,1.0834032697056433,3201.5,1.3539445027934782,1279.0,110.14325762806814
2023-12-16 14:12:03,200.6817,1.668494789332789,1664.0,1.077378083368581,3018.5,1.2888612769208938,1111.0,109.22403837483256
2023-12-16 14:12:13,200.79736,1.6660953726171273,1546.5,1.1004415727931285,2898.0,1.371395853104911,1084.0,108.5764925635017
2023-12-16 14:12:23,195.53877,1.6534337975580764,2004.0,1.0773583592032991,3439.5,1.3642528091261805,1445.0,112.37002385627405
2023-12-16 14:12:33,198.61502,1.653732722079918,1838.0,1.0791310732990989,3249.5,1.3162475044836903,1261.0,110.69733110132968
2023-12-16 14:12:43,197.44511,1.663755992979266,2019.5,1.0789168365627464,3500.0,1.3559024359137488,1463.5,112.61214290961003
2023-12-16 14:12:53,198.94351,1.6980122148537902,1742.5,1.0856577918862178,3104.5,1.3065880833285461,1181.5,109.81189617483216
2023-12-16 14:13:04,198.20525,1.6530358095556168,1801.0,1.0702343988402632,3196.5,1.3327928095315993,1231.5,110.85935902363464
2023-12-16 14:13:14,199.9037,1.6747310205114783,1613.5,1.092042192522633,2973.0,1.3885843838924208,1137.5,109.02917629668727
2023-12-16 14:13:24,193.8338,1.634789087847357,2142.5,1.0740440186773337,3613.0,1.3808171910325788,1592.5,114.01049044891082
2023-12-16 14:13:34,197.38882,1.665527006402773,1994.0,1.0756310168422831,3440.5,1.3973543251220202,1425.0,112.81731555303708
2023-12-16 14:13:44,197.05688,1.6730030784870749,1803.0,1.0897473481037028,3220.5,1.3885778079953282,1312.0,110.63580168265786
2023-12-16 14:13:54,197.96587,1.634924171325148,2013.5,1.0735491848719403,3506.0,1.3194572534043867,1446.0,113.09835280924159
2023-12-16 14:14:04,196.04897,1.6549915345197213,1958.5,1.0672128513179213,3374.5,1.366485513640827,1397.5,112.1654195005447
2023-12-16 14:14:14,196.55399,1.6657856212087898,1829.0,1.074864710874543,3217.5,1.3782217852155805,1301.5,110.84199151208631
2023-12-16 14:14:25,201.54842,1.6909635429052585,1563.0,1.0832660278232764,2898.0,1.290873490280024,1047.0,108.83091603166076
2023-12-16 14:14:35,198.82237,1.6564180237762225,1889.5,1.07938313837925,3326.0,1.3742076498460354,1338.0,111.7106631275241
2023-12-16 14:14:45,197.57414,1.6530748947234961,1946.5,1.0816877433670244,3402.5,1.389215321793938,1387.5,112.16610887574538
2023-12-16 14:14:55,202.14343,1.6687608725178547,1635.5,1.1090210944110737,3025.0,1.3909955498658126,1157.5,109.23042897345138
2023-12-16 14:15:05,199.86794,1.6751876850568057,1818.5,1.0769001450120976,3259.0,1.398152986170263,1307.5,110.6244700315278
2023-12-16 14:15:15,198.37306,1.6542905570386892,1828.0,1.083290396886425,3199.5,1.3421891368641599,1266.0,110.52789062547912
2023-12-16 14:15:26,198.56528,1.6597787074905002,1907.5,1.0590736922398485,3341.5,1.3399408560191657,1343.5,111.54098115461957
2023-12-16 14:15:36,197.88136,1.6569317962884276,1799.0,1.0756730236361642,3187.0,1.3706293914265588,1260.0,110.42675019043175
2023-12-16 14:15:46,202.9882,1.700039663919276,1448.0,1.098182386193567,2718.5,1.2895219178921073,972.5,106.85419756952162
2023-12-16 14:15:56,200.43727,1.6697810630444068,1650.0,1.071823554474517,2961.5,1.3081218066290197,1110.0,108.81283713070806
2023-12-16 14:16:06,201.04321,1.6760202286834027,1604.5,1.0954023995592008,2943.0,1.3125710130026682,1077.5,108.49086300567247
2023-12-16 14:16:16,200.84824,1.6814357191347384,1608.5,1.0948685868948023,2919.0,1.3522573979873491,1106.5,108.54308186265597
2023-12-16 14:16:26,200.81786,1.676255497273805,1610.0,1.0859953279828647,2948.5,1.3765533457630477,1142.0,108.65825849472351
2023-12-16 14:16:36,199.93022,1.676615926960598,1495.0,1.0857700806281076,2766.0,1.2762357931321855,1019.5,107.22732596729526
2023-12-16 14:16:47,198.04535,1.6475086215737835,1855.5,1.0748702086043451,3252.5,1.262917406734139,1264.0,111.13856020388192
2023-12-16 14:16:57,202.11644,1.6776156312864383,1501.0,1.0776518022490118,2782.5,1.3373357520205174,993.0,107.28293738243667
2023-12-16 14:17:07,200.16356,1.6915494162448816,1620.5,1.0767792408781436,2996.5,1.3736116111037882,1166.0,108.46794355584053
2023-12-16 14:17:17,200.20226,1.6811518288838736,1650.0,1.0910598688687043,2998.5,1.3400809023809699,1123.5,108.69836101289135
2023-12-16 14:17:27,202.02582,1.6715628066292114,1649.5,1.0762472255444582,3018.0,1.3702175148766342,1138.5,109.09860544746634
2023-12-16 14:17:37,198.46017,1.6689933869892228,1769.5,1.0843152330259014,3160.0,1.3599709941244509,1248.0,109.9679080826331
2023-12-16 14:17:47,198.70627,1.6588574282400603,1856.5,1.0768752421623102,3264.0,1.351566684534548,1291.0,110.8718344329253
2023-12-16 14:17:58,199.69466,1.6698859343504995,1739.5,1.0745570728652285,3098.5,1.3804366724306392,1222.0,109.9232922953978
2023-12-16 14:18:08,197.03435,1.658685396735586,1861.5,1.0848333835059834,3267.5,1.377634489768659,1329.0,111.1091536109975
2023-12-16 14:18:18,198.87021,1.6747224625555588,1744.0,1.086318577125807,3095.5,1.2948328707166212,1163.0,109.72952696234823
2023-12-16 14:18:28,203.0066,1.6748587857779993,1405.5,1.0946766058272162,2699.0,1.3519897854415337,972.0,115.8479995141786
2023-12-16 14:18:38,199.85997,1.6719968849781315,1721.0,1.0934062423113247,3093.0,1.358869564128845,1189.0,109.56912263680302
2023-12-16 14:18:48,200.70546,1.6636786470161709,1614.5,1.0875363966101832,2948.5,1.3269269230877696,1087.0,108.97158576011749
2023-12-16 14:18:58,201.99892,1.6902933652769347,1501.0,1.0925307474626227,2823.0,1.3692300952747658,1054.0,107.7462425636707
2023-12-16 14:19:09,nan,,,,,,,nan
2023-12-16 14:19:19,nan,,,,,,,nan
2023-12-16 14:19:29,nan,,,,,,,nan
2023-12-16 14:19:39,nan,,,,,,,nan
2023-12-16 14:19:49,198.90709,1.677837759349785,1808.0,1.0667340190622763,3222.5,1.3386522576918285,1259.5,111.13963970642217
2023-12-16 14:19:59,nan,,,,,,,nan
2023-12-16 14:20:09,198.97313,1.6609215393378318,1780.5,1.0836345335137045,3139.0,1.2856584965342288,1199.0,109.93714310689303
2023-12-16 14:20:20,198.55374,1.6640060460627564,1895.0,1.0847394960755303,3338.0,1.3824151200042956,1370.5,111.48995667925354
2023-12-16 14:20:30,nan,,,,,,,nan
2023-12-16 14:20:40,195.83826,1.6540561035256638,1905.5,1.068520514610165,3344.0,1.3329391682857576,1356.5,111.64714475349857
2023-12-16 14:20:50,197.37544,1.6528970254347803,1868.5,1.075655198706786,3274.0,1.3259061114082265,1312.5,111.64597287857129
2023-12-16 14:21:00,199.71817,1.66095983685385,1830.5,1.0685028831933638,3208.5,1.3593402596587818,1257.0,110.72223545298081
2023-12-16 14:21:10,194.93404,1.6275037751169106,2120.0,1.0675843048817264,3581.0,1.38361819087877,1573.0,113.7696540153387
2023-12-16 14:21:20,200.15721,1.66525489786278,1632.5,1.1009422580611528,3012.5,1.3457832645917143,1130.5,109.45228601588545
2023-12-16 14:21:31,200.25229,1.6629575317539895,1821.5,1.075279194481069,3246.0,1.3651108312132112,1280.0,111.36557795403014
2023-12-16 14:21:41,198.61063,1.6644504845914583,1776.5,1.089711272864956,3152.5,1.4443502097660377,1285.5,110.45453536268235
2023-12-16 14:21:51,197.77667,1.6574920663185617,1798.0,1.078080115268815,3193.5,1.3124130344344038,1257.0,111.32247124691409
2023-12-16 14:22:01,196.13799,1.6290071340209364,2105.0,1.0708355187122587,3568.0,1.3490607435031277,1501.5,113.63391929433264
2023-12-16 14:22:11,198.02599,1.6677654884376507,1733.0,1.0811667473968423,3092.5,1.3351252723877174,1190.0,109.73321795299005
2023-12-16 14:22:21,196.75119,1.6215623293279844,2139.5,1.0659917895076498,3660.5,1.3447366668110392,1561.5,114.00844069181777
2023-12-16 14:22:31,198.70976,1.6769684368529614,1766.5,1.0657583298506315,3159.0,1.3187681942920597,1209.0,110.11314744127425
2023-12-16 14:22:41,199.28671,1.6754851401834823,1846.5,1.096515688700367,3300.5,1.421177080660392,1371.5,111.46656515163187
2023-12-16 14:22:52,196.13869,1.648984635924903,2132.5,1.073826063552327,3630.0,1.4097594898131236,1587.5,113.69893639877236
2023-12-16 14:23:02,197.70587,1.6715316747476354,1901.0,1.085391876501132,3345.0,1.3829060301831826,1369.0,111.69905267995053
2023-12-16 14:23:12,194.44621,1.6148967416271482,2090.0,1.0788543661665966,3576.0,1.315949962271726,1523.5,113.02274588494268
2023-12-16 14:23:22,196.68413,1.6317937922104482,1923.0,1.0664691124504675,3328.0,1.3713168618732994,1371.0,111.72547041618671
2023-12-16 14:23:32,196.23763,1.6525768190791326,1930.5,1.079810660210867,3362.5,1.3782074749660305,1380.5,111.75444584194928
2023-12-16 14:23:42,200.82303,1.6938417028201473,1672.5,1.0863250837638723,3051.5,1.341911104354088,1164.5,109.27871580504168
2023-12-16 14:23:52,199.67604,1.645271696129343,1660.0,1.0720835082455475,3033.0,1.3529131622366788,1132.5,109.0155043621347
2023-12-16 14:24:03,202.19075,1.6783095447814644,1671.5,1.0953292857567156,3057.5,1.378940579068007,1204.5,109.59865907723167
2023-12-16 14:24:13,198.2898,1.670361817349738,1780.5,1.089931130148952,3161.5,1.37398338875061,1269.5,110.10013341601706
2023-12-16 14:24:23,198.81258,1.68944075371672,1768.5,1.0892980873501703,3129.5,1.3243453466489585,1208.5,110.40439498654581
2023-12-16 14:24:33,198.10863,1.665554144265445,1811.0,1.0822763624778748,3209.0,1.3881526424866057,1281.0,110.92703610638009
2023-12-16 14:24:43,197.41884,1.6459285721278745,1958.0,1.0732604850644798,3398.5,1.3116949917743272,1374.0,111.43305737426901
2023-12-16 14:24:53,208.44441,1.6946784328756637,1107.5,1.1221090811505694,2265.5,1.2671822356198237,707.5,103.18942894544783
2023-12-16 14:25:03,201.16855,1.7050777242792634,1494.5,1.1002428496477428,2794.0,1.2690717381161303,999.0,107.99772948552877
2023-12-16 14:25:14,201.27882,1.701426902563796,1519.0,1.0947760051935504,2840.0,1.3417988270756394,1037.0,107.83350680454205
2023-12-16 14:25:24,199.85204,1.6613956221058164,1703.0,1.0796749380416717,3069.0,1.3887913872236282,1197.0,109.58188973473759
2023-12-16 14:25:34,199.2882,1.6577009397822904,1638.5,1.091190233541749,3000.5,1.372414589503044,1167.5,108.87462486111994
2023-12-16 14:25:44,201.57408,1.6813266607084987,1584.0,1.0963593545197925,2876.0,1.3633359333069963,1084.5,108.26249179016328
2023-12-16 14:25:54,201.30888,1.6748907768607404,1490.0,1.0855339725648872,2810.5,1.3446309235936305,1042.0,106.97960657949724
2023-12-16 14:26:04,198.18356,1.664376040151213,1728.5,1.0924660532479606,3067.5,1.2800369924239068,1155.0,109.6232902072579
2023-12-16 14:26:14,200.70331,1.669738859355422,1783.0,1.0827221419703066,3190.0,1.2627749688367356,1205.5,110.17773100232932
2023-12-16 14:26:25,200.4738,1.665855915335231,1791.5,1.0668150727117591,3207.5,1.3659209740670968,1284.5,110.67784514082769
2023-12-16 14:26:35,198.63528,1.6626211399033852,1739.5,1.0769678267436116,3096.0,1.2908346894064857,1188.5,109.40411671960604
2023-12-16 14:26:45,201.00446,1.661361872918484,1761.0,1.072342428323669,3147.5,1.309066988046897,1195.0,110.06705319945107
2023-12-16 14:26:55,198.7406,1.6758758957040036,1813.0,1.0948250878618493,3253.5,1.4083568729563374,1340.0,110.62282937565888
2023-12-16 14:27:05,197.81529,1.6702354219558948,1827.5,1.0853889201592686,3216.5,1.3486618708054792,1269.5,110.59612004906813
2023-12-16 14:27:15,200.48662,1.6557904448147445,1749.0,1.0833570274464084,3145.0,1.3436869731623193,1215.0,110.87542550764951
2023-12-16 14:27:25,200.01857,1.6862652478191742,1624.5,1.0915697519349568,2963.0,1.3067510997461542,1103.0,108.7324843525154
2023-12-16 14:27:36,201.6456,1.6917523311285494,1532.5,1.095593746858641,2811.0,1.301488781642667,1038.0,107.76241144711103
2023-12-16 14:27:46,202.15822,1.6628993986911105,1601.5,1.0963433475621083,2959.5,1.312285816437317,1100.5,108.75322632010166
2023-12-16 14:27:56,201.80258,1.693433860296606,1637.0,1.0987918026493035,3029.5,1.419366494011479,1199.5,109.74759762311172
2023-12-16 14:28:06,200.09102,1.6710858517824667,1615.0,1.0919020734942284,2968.0,1.3424962663713418,1127.0,108.65046127157484
2023-12-16 14:28:16,199.15942,1.6509878165829104,1833.0,1.0798235974625725,3245.0,1.392710161987669,1318.5,111.07056062506624
2023-12-16 14:28:26,201.24794,1.6778442447877322,1731.0,1.0947454061919577,3133.5,1.3857647853665438,1216.0,110.49560043238806
2023-12-16 14:28:36,198.59233,1.677434905904365,1820.0,1.0775745820007898,3221.0,1.3334825347473318,1236.5,110.34496232795686
2023-12-16 14:28:47,201.24023,1.663247430218182,1676.5,1.085990311312028,3032.0,1.3786685902698057,1179.0,109.6586685004545
2023-12-16 14:28:57,199.72714,1.6726557990441417,1664.5,1.0923255205327584,3032.5,1.3879132323576595,1176.5,109.80147714189792
2023-12-16 14:29:07,199.8474,1.6429092345558967,1815.0,1.080333005153026,3204.0,1.3285428841521798,1256.5,110.69385095988042
2023-12-16 14:29:17,197.08913,1.65627612676784,2166.0,1.0650731013309447,3710.0,1.409565451639176,1611.5,113.94823305447422
2023-12-16 14:29:27,nan,,,,,,,nan
2023-12-16 14:29:37,201.56296,1.6804559149029639,1649.0,1.0920911581851027,3008.5,1.3132190635571939,1107.0,117.94972733960552
2023-12-16 14:29:47,200.33626,1.6651909360485277,1714.0,1.0892072813814162,3106.0,1.4108797557584003,1237.5,118.89797205129643
2023-12-16 14:29:58,nan,,,,,,,nan
2023-12-16 14:30:08,nan,,,,,,,nan
2023-12-16 14:30:18,nan,,,,,,,nan
2023-12-16 14:30:28,nan,,,,,,,nan
2023-12-16 14:30:38,nan,,,,,,,nan
2023-12-16 14:30:48,nan,,,,,,,nan
2023-12-16 14:30:58,nan,,,,,,,nan
2023-12-16 14:31:09,198.54926,1.6345722918090968,1963.0,1.0643564613059158,3438.0,1.3585807966178802,1380.5,112.40465100793186
2023-12-16 14:31:19,195.52937,1.631938369818631,2069.5,1.0681003859843266,3537.0,1.3734531196151893,1498.5,113.40983798359038
2023-12-16 14:31:29,198.79642,1.6554380337327181,1858.5,1.0751142906249653,3281.0,1.3127536147364283,1305.0,111.9551701152315
2023-12-16 14:31:39,203.2246,1.6832968814048699,1432.0,1.1031644093113357,2725.0,1.3179623332720873,965.5,106.6976272263101
2023-12-16 14:31:49,197.9375,1.6340891311337933,1894.5,1.083060937849524,3335.0,1.3621214760443978,1310.5,111.88017845752131
2023-12-16 14:31:59,199.55959,1.647282245843311,1733.0,1.0654313345317343,3104.0,1.3087600272115023,1178.0,110.0319112507499
2023-12-16 14:32:09,199.74506,1.6896409142026023,1797.0,1.082778517355458,3217.5,1.41994518846704,1322.5,110.9311714430993
2023-12-16 14:32:20,195.77313,1.6246655432889272,2054.5,1.0781547829521836,3539.5,1.4080633768221409,1530.0,113.89228010603033
2023-12-16 14:32:30,200.62234,1.658929509100558,1600.5,1.095525236897873,2926.5,1.3194241188969678,1066.0,109.11971060194011
2023-12-16 14:32:40,201.36476,1.6733137825002256,1715.5,1.0950598480620415,3104.0,1.3713401625576433,1176.5,110.08605442827871
2023-12-16 14:32:50,199.92094,1.653642433368404,1774.0,1.085317293845819,3179.5,1.3590337225024356,1219.5,110.77203112228808
2023-12-16 14:33:00,201.00531,1.6855866067850926,1657.0,1.10092638345261,3039.0,1.3525860233944762,1153.5,110.05038427449826
2023-12-16 14:33:10,202.47005,1.6799300467323772,1507.5,1.0989373075255575,2821.5,1.349116740390679,1045.5,108.25103343653862
2023-12-16 14:33:21,203.29706,1.6756196502750256,1631.0,1.0986457805899523,3035.5,1.3976751359619684,1157.5,109.30938522887884
2023-12-16 14:33:31,197.50902,1.6500178432722745,1981.0,1.0892153059553398,3438.0,1.332565164111737,1416.0,112.64671823625702
2023-12-16 14:33:41,198.43553,1.662896297263166,1747.0,1.0890629128512936,3096.0,1.3281372715530102,1202.0,110.29956844827446
2023-12-16 14:33:51,197.91371,1.6528480040546438,2035.0,1.0834753410332716,3482.5,1.3540503464883014,1434.5,113.2407663365192
2023-12-16 14:34:01,199.40561,1.638028081654276,1842.0,1.0744225066687974,3268.5,1.3498874061609132,1272.0,111.45733010660506
2023-12-16 14:34:11,201.61737,1.676400482212251,1659.5,1.089246919408761,3028.0,1.3960788170944791,1157.0,109.11908832763001
2023-12-16 14:34:21,199.20854,1.6635660757300275,1753.5,1.0822346565177277,3147.0,1.3016055164329372,1196.5,110.53525328720004
2023-12-16 14:34:32,199.51198,1.6615528619490734,1845.0,1.0866475408664165,3285.0,1.364085403444943,1315.0,111.36923123621251
2023-12-16 14:34:42,199.79305,1.6674372734349239,1720.5,1.0897188658059231,3118.5,1.337994657327069,1187.5,110.32190142964306
2023-12-16 14:34:52,202.61137,1.6698683947404998,1704.0,1.0917571875584733,3125.0,1.3322891825314913,1181.5,109.98054616793453
2023-12-16 14:35:02,197.9512,1.654414952087529,1808.5,1.0758943143969462,3205.5,1.3439815901021792,1276.5,110.07571642708896
2023-12-16 14:35:12,201.40266,1.6746517307129622,1590.5,1.0955852880752062,2913.5,1.2737921418673144,1066.0,108.39945941613199
2023-12-16 14:35:22,204.15036,1.7062752736328313,1552.0,1.0934961144716007,2874.5,1.2981585779016693,1024.5,108.43659647966409
2023-12-16 14:35:32,202.01012,1.6688340081182755,1704.0,1.0881687067339674,3132.5,1.3385193244717666,1189.0,110.00801417729674
2023-12-16 14:35:43,200.46277,1.6675890725150064,1801.0,1.0781768960278513,3254.5,1.3693363121023312,1259.0,110.96263671588005
2023-12-16 14:35:53,202.82755,1.6789342773940812,1682.0,1.1007700702662664,3081.5,1.3808740100378627,1217.0,109.63998776493463
2023-12-16 14:36:03,201.20438,1.6908836751676257,1557.5,1.1035775549542859,2884.5,1.3616272302476475,1102.5,107.97411401191005
2023-12-16 14:36:13,194.7664,1.624343588912822,2246.0,1.0734454496275139,3788.5,1.3612195035182937,1682.5,114.93824172059405
2023-12-16 14:36:23,199.2774,1.6437941351979446,1738.5,1.0948833877174844,3113.5,1.396971949450066,1231.0,109.82175256758849
2023-12-16 14:36:33,198.68202,1.652730005080253,1788.5,1.0786269578983676,3193.0,1.3549008113547079,1252.5,111.3691559342239
2023-12-16 14:36:44,199.8039,1.664940632216979,1808.0,1.0806992631647305,3243.0,1.3616203316976523,1294.5,110.74477620900267
2023-12-16 14:36:54,199.74515,1.671264580671355,1769.0,1.0859791994728167,3177.0,1.345600010063187,1246.5,110.08337442912425
2023-12-16 14:37:04,198.56154,1.637809675970871,2077.5,1.067936324935365,3594.0,1.2671467296427774,1473.5,112.6846733373871
2023-12-16 14:37:14,200.6149,1.6746731544080358,1833.0,1.0798324833554391,3298.0,1.370825938845032,1304.0,111.30335329151211
2023-12-16 14:37:24,198.57278,1.6719752615749566,1885.5,1.0891731758357692,3348.0,1.4873660297836617,1405.0,111.56401671920227
2023-12-16 14:37:34,197.17065,1.6670943256601516,1916.5,1.0781340012986624,3368.0,1.318875590106617,1374.0,111.40983400548217
2023-12-16 14:37:44,201.8785,1.6663978342199912,1496.5,1.0933871486475233,2814.5,1.317281651199783,1007.0,107.60971782055968
2023-12-16 14:37:55,202.039,1.681934832324727,1503.5,1.0875062706128322,2806.0,1.3106224078382636,1027.5,107.36618626045542
2023-12-16 14:38:05,202.84454,1.6618243929914187,1592.0,1.0793461837534843,2926.5,1.2984393948331974,1073.0,108.36373395246059
2023-12-16 14:38:15,201.1936,1.6775492535528422,1577.5,1.0905107508037457,2923.0,1.3763411068484865,1101.5,108.52481138254038
2023-12-16 14:38:25,201.94334,1.6886094051039084,1698.5,1.0946736227597116,3067.0,1.324496473227113,1166.0,109.63895159392801
2023-12-16 14:38:35,199.60738,1.6512680819352419,1813.5,1.0771991869993112,3206.5,1.3193243007776927,1246.5,119.8529487074004
2023-12-16 14:38:45,199.47029,1.6394029281948783,1813.0,1.0883238933252593,3233.0,1.4077120279119972,1299.5,110.49954651115343
2023-12-16 14:38:55,198.98697,1.6620449526673364,1839.0,1.0806505115247795,3237.0,1.3888302322938106,1301.5,110.523953866487
2023-12-16 14:39:06,nan,,,,,,,nan
2023-12-16 14:39:16,nan,,,,,,,nan
2023-12-16 14:39:26,nan,,,,,,,nan
2023-12-16 14:39:36,nan,,,,,,,nan
2023-12-16 14:39:46,197.53738,1.6647328743297927,1960.5,1.0860240940248098,3401.5,1.3876168704572682,1435.5,111.88912378617883
2023-12-16 14:39:56,200.04541,1.662698384889358,1755.0,1.077172127019613,3166.0,1.3499095069687823,1242.5,110.18605891023263
2023-12-16 14:40:06,196.18344,1.6441725901168067,2189.5,1.0781875299487962,3740.0,1.3498696164004964,1635.0,113.95551817888989
2023-12-16 14:40:17,199.866,1.6684873719859765,1782.0,1.079123119571953,3181.5,1.3520640459686826,1254.0,110.68818418998296
2023-12-16 14:40:27,199.74974,1.652645545136336,1875.0,1.0765319752965201,3353.5,1.3687463932854012,1335.0,111.32206703821409
2023-12-16 14:40:37,199.4541,1.652818222985895,1869.0,1.0723282033700021,3316.0,1.3529994866638806,1334.5,111.49536049945813
2023-12-16 14:40:47,198.26051,1.6452883379339904,1849.5,1.0776873568101473,3259.5,1.3184493655790759,1307.0,111.05661622500668
2023-12-16 14:40:57,200.20818,1.6558139241084209,2034.5,1.0819407413452402,3542.5,1.3750790119235463,1467.0,112.85734526193238
2023-12-16 14:41:07,200.88826,1.6463223866366326,1800.0,1.0794891261831572,3226.5,1.3466610350025585,1255.5,110.51317818283907
2023-12-16 14:41:18,203.7323,1.6965820413420165,1529.0,1.0988162376600628,2888.0,1.3632966063182117,1081.5,108.07997452367633
2023-12-16 14:41:28,199.05746,1.6656621063959192,1765.5,1.075232177299974,3147.0,1.3598979420200108,1230.5,110.13965347861156
2023-12-16 14:41:38,200.84093,1.6852873733425375,1595.5,1.0915938625503676,2930.0,1.3307605248524808,1112.5,108.85080300609667
2023-12-16 14:41:48,198.37566,1.659272711742973,1873.0,1.072337195843198,3278.0,1.34120051579999,1298.0,110.82083380091348
2023-12-16 14:41:58,202.3098,1.6591858766831507,1605.0,1.082527328931538,2962.0,1.3424413834375315,1102.0,108.66225992617242
2023-12-16 14:42:08,200.0148,1.6704077833982791,1713.0,1.0849735597684138,3076.5,1.342869797995272,1208.0,109.24015026010822
2023-12-16 14:42:19,195.88167,1.6583867204032066,2078.5,1.071100872190501,3555.5,1.3539159795752953,1500.0,112.87729628467405
2023-12-16 14:42:29,200.92998,1.6701853723127964,1910.5,1.083091652286057,3388.0,1.4251496657592302,1370.5,111.87334334764324
2023-12-16 14:42:39,203.458,1.661696706947152,1433.0,1.1083790497943735,2757.5,1.3692185523969094,1025.5,106.67878386988929
2023-12-16 14:42:49,198.3859,1.6440902930811976,1902.5,1.0808178691234456,3339.0,1.338812928649094,1365.0,111.39911747566394
2023-12-16 14:42:59,199.89627,1.6660789202107928,1827.0,1.087749948423063,3250.0,1.4186685052525312,1305.0,110.69544454511814
2023-12-16 14:43:09,200.04999,1.6826903664631025,1674.0,1.0977840436868376,3025.0,1.3603335796887561,1177.5,108.8816509632807
2023-12-16 14:43:19,201.31473,1.6564728264302484,1618.5,1.085186090513707,2966.5,1.253785435359478,1069.5,108.6697090289953
2023-12-16 14:43:29,203.60422,1.6751085428745016,1669.0,1.087863359889106,3054.0,1.3369268086763095,1149.5,109.36687095542015
2023-12-16 14:43:40,202.1219,1.6620863498004745,1631.5,1.1034908065129994,3008.5,1.4016646716557193,1141.0,108.78055733943543
2023-12-16 14:43:50,202.11964,1.6711971072472689,1545.0,1.0923353133613731,2882.5,1.2985091229427164,1032.0,107.91309539004246
2023-12-16 14:44:00,201.66399,1.68960178629523,1821.5,1.0990390868022566,3251.0,1.4117663137552605,1288.0,111.23953194024197
2023-12-16 14:44:10,198.73412,1.6659947015841916,1932.5,1.0776451199635733,3408.0,1.374666462124955,1383.5,112.75308475401768
2023-12-16 14:44:20,198.83446,1.6652726646811113,1813.5,1.0795404943473705,3243.5,1.3903161450504868,1316.0,110.73048812064519
2023-12-16 14:44:30,197.40538,1.6555889784622788,1941.0,1.0837353720502751,3385.5,1.3713876366101965,1405.0,112.10082230674135
2023-12-16 14:44:41,197.27243,1.6254483694903392,2212.5,1.0773543953204794,3803.5,1.3576303446633526,1615.0,114.83007060830914
2023-12-16 14:44:51,201.34358,1.6683219787591508,1712.5,1.0957399010664344,3110.0,1.3637561170858066,1205.0,110.21796178836436
2023-12-16 14:45:01,201.30865,1.6732290561605028,1798.0,1.0732974300369766,3211.5,1.3533281579229868,1267.0,110.57463536769413
2023-12-16 14:45:11,201.221,1.682318656340867,1625.0,1.093347281311423,3007.0,1.3701373820703902,1131.0,108.81640191111389
2023-12-16 14:45:21,196.18785,1.6481914323061473,2124.0,1.0779765310047185,3630.5,1.3895439704927133,1599.5,113.94943564893283
2023-12-16 14:45:31,198.96603,1.6531852628208508,1875.5,1.0748734032568372,3316.0,1.3569951987677957,1323.5,111.21402795561897
2023-12-16 14:45:42,202.21172,1.673817837146065,1693.5,1.0846963036553368,3081.0,1.3731131709608526,1173.5,109.5919379248746
2023-12-16 14:45:52,197.26189,1.6470500029829132,2057.5,1.07537722279327,3573.5,1.4240857204260031,1544.0,113.6475156368192
2023-12-16 14:46:02,197.95761,1.6661994072875073,1856.5,1.0895165065645478,3298.0,1.329127253569989,1302.0,111.2509331302989
2023-12-16 14:46:12,200.53638,1.6604665028317807,1809.5,1.0835041188761245,3259.0,1.330762263473009,1265.0,111.24124446258926
2023-12-16 14:46:22,199.95737,1.6575430487183571,1909.0,1.0854007953218614,3399.5,1.3782485875128299,1358.5,112.24890200141357
2023-12-16 14:46:32,202.15051,1.6947685407036792,1674.0,1.092738857442735,3069.5,1.33556721471626,1165.5,109.96815530116629
2023-12-16 14:46:42,198.26144,1.6459261478670821,1981.5,1.0858079319498606,3473.0,1.4271196839821751,1480.5,112.45366923224174
2023-12-16 14:46:53,196.81053,1.6576755250833106,1957.0,1.082648906710034,3405.5,1.3844487435060044,1435.0,112.2159677809956
2023-12-16 14:47:03,198.72691,1.6628841512741483,1769.5,1.0810125462977282,3176.5,1.301817486007346,1197.5,110.61682993090449
2023-12-16 14:47:13,198.24292,1.652863748523705,2078.5,1.069025863043846,3642.5,1.3814143878877236,1496.0,114.28642809401634
2023-12-16 14:47:23,199.21909,1.666277826998348,1775.0,1.0844589160937324,3228.0,1.3764884385961111,1284.0,111.18641930475111
2023-12-16 14:47:33,200.36494,1.6807291695263082,1694.5,1.087292187621098,3050.5,1.3048773825181228,1156.0,109.60757185751983
2023-12-16 14:47:43,197.65694,1.646369389521057,2026.5,1.0881859402209286,3527.5,1.3888598699647783,1463.5,121.72729590090661
2023-12-16 14:47:53,nan,,,,,,,nan
2023-12-16 14:48:04,nan,,,,,,,nan
2023-12-16 14:48:14,nan,,,,,,,nan
2023-12-16 14:48:24,196.726,1.6500248585430526,2046.5,1.0748771835231838,3510.5,1.3572787111333395,1513.5,112.6457916730682
2023-12-16 14:48:34,199.38028,1.6672979138488708,1812.0,1.0822223481255533,3226.5,1.3355337236097395,1237.0,111.08116401284968
2023-12-16 14:48:44,nan,,,,,,,nan
2023-12-16 14:48:54,201.06673,1.6668866478328712,1814.5,1.079891446311997,3253.0,1.340881838299355,1264.0,110.92932519839462
2023-12-16 14:49:04,200.06186,1.6719831398275142,1710.0,1.085395264810326,3122.5,1.4015923979872718,1227.5,110.13096694565506
2023-12-16 14:49:15,198.74199,1.673971444387905,1781.0,1.0902283209018961,3206.5,1.3515784895405019,1269.5,110.62572741106665
2023-12-16 14:49:25,200.87375,1.663948797739121,1871.5,1.088396114426789,3322.0,1.3305456107543285,1310.5,111.47161720929475
2023-12-16 14:49:35,197.04143,1.6382683535169122,2153.5,1.0678453337023723,3721.5,1.3787755827050976,1606.5,114.65619445239246
2023-12-16 14:49:45,197.62738,1.6388782208961654,1918.0,1.0815398339562865,3357.0,1.3897593772209973,1373.5,112.06901540809088
2023-12-16 14:49:55,199.37671,1.6742722675760515,1773.5,1.0789639989126794,3160.0,1.300505577281366,1189.5,110.31457548381482
2023-12-16 14:50:05,199.73482,1.6934285237400002,1764.0,1.090422692922397,3190.5,1.371766934838117,1241.0,110.41005291735156
2023-12-16 14:50:15,198.61378,1.6542503261126094,1907.0,1.0814816905465172,3323.0,1.3317956398214759,1332.0,111.86197592421308
2023-12-16 14:50:26,200.22202,1.6624859128102158,1897.5,1.0817529294109407,3361.0,1.3852553817699182,1359.5,112.1630848352921
2023-12-16 14:50:36,198.86568,1.6322443532557471,1981.0,1.0911633465317492,3492.0,1.4180594846501664,1453.5,113.16164833011358
2023-12-16 14:50:46,197.84451,1.6648843221840819,1997.5,1.0875191441007095,3452.0,1.3631086953876694,1449.5,112.2646230198334
2023-12-16 14:50:56,199.37816,1.65133784874231,1883.0,1.085237215176338,3347.5,1.3706763585283868,1330.5,111.6989648889766
2023-12-16 14:51:06,198.10005,1.6389410236796156,2084.0,1.063085263448171,3566.5,1.4095529529848638,1494.0,113.25304446002157
2023-12-16 14:51:16,200.97743,1.6853407856538312,1740.0,1.0847862909097745,3132.0,1.3759909751469332,1202.5,110.02123284165769
2023-12-16 14:51:26,200.47432,1.6871445710321318,1659.5,1.0883996200328325,3068.5,1.3850972470692626,1188.5,109.73461549227494
2023-12-16 14:51:37,199.76762,1.6672467909429207,1709.5,1.0797018894995443,3069.0,1.3118753778427574,1177.0,109.50575792928164
2023-12-16 14:51:47,203.66873,1.6983579781119684,1517.0,1.097794198082647,2875.5,1.3355083611190306,1033.5,108.68009023069241
2023-12-16 14:51:57,200.26239,1.6562256115252973,1839.0,1.0862148361187787,3299.5,1.4132569916667155,1339.5,111.54630216126418
2023-12-16 14:52:07,196.831,1.6414830722678428,2039.5,1.0704720717511953,3531.0,1.4346342143701236,1524.0,113.13251871248065
2023-12-16 14:52:17,198.31926,1.670243574894161,1844.0,1.0817069758396067,3255.5,1.2956632902172225,1292.5,111.24681394795797
2023-12-16 14:52:27,198.15564,1.635952262612629,2012.0,1.083866486480269,3504.5,1.3104387428617832,1430.5,113.46134800468806
2023-12-16 14:52:38,198.81433,1.6510730306005936,2023.5,1.0766426015531452,3524.0,1.3492348472165676,1441.0,113.11235768281658
2023-12-16 14:52:48,201.15158,1.6692095530883666,1788.5,1.0755522134753974,3174.5,1.4113686785592696,1253.0,110.6484305982995
2023-12-16 14:52:58,201.12569,1.6818095587831134,1642.0,1.0997612896846833,3031.5,1.3676865175255064,1162.0,109.07847569045762
2023-12-16 14:53:08,197.06143,1.652117270848643,2072.0,1.0813461073875337,3584.0,1.3872417752632114,1510.0,113.28863234322176
2023-12-16 14:53:18,201.27322,1.6670103967680832,1638.0,1.0906556022393548,3033.0,1.3280671480563135,1124.5,108.66934784686073
2023-12-16 14:53:29,199.96518,1.6660729694649292,1830.5,1.0866941508360273,3294.5,1.394642474612831,1305.0,111.4505001286203
2023-12-16 14:53:39,201.70238,1.6732932113742334,1828.5,1.08206481069311,3268.5,1.3920672832965741,1317.5,111.61149974877215
2023-12-16 14:53:49,200.9368,1.6772142455476622,1611.5,1.0979198221189646,2977.5,1.377701290862857,1150.5,109.20537948193127
2023-12-16 14:53:59,198.57701,1.6433365023254423,1798.0,1.0773687696558059,3190.5,1.3215998533580016,1268.5,110.4743420165269
2023-12-16 14:54:09,202.02223,1.6770494278481252,1636.0,1.0987854409669446,3016.5,1.3229865304814514,1093.0,109.03100855043542
2023-12-16 14:54:19,199.10103,1.6322391625524248,2090.0,1.0788767450121386,3629.0,1.4002204820684454,1513.0,113.83535672368787
2023-12-16 14:54:29,202.62538,1.6840098065351852,1728.5,1.0974990800610607,3151.0,1.3957704227994299,1254.0,110.4721130615707
2023-12-16 14:54:40,202.07082,1.6920573726824122,1543.5,1.091886317139623,2904.5,1.3329169397257368,1071.5,108.32097497736149
2023-12-16 14:54:50,201.18451,1.6605970841727673,1662.5,1.096661776910981,3036.5,1.3013542997252132,1116.5,109.27017795179773
2023-12-16 14:55:00,201.7586,1.6723693759071117,1680.5,1.0949661774114792,3050.5,1.2734314369942812,1106.0,110.05102872361451
2023-12-16 14:55:10,202.51144,1.6657948505058626,1722.5,1.0691770486732681,3123.0,1.3505088656038844,1203.5,110.00525293294076
2023-12-16 14:55:20,201.67583,1.6781848160269761,1761.5,1.1051047646896879,3182.0,1.3101717253251994,1230.5,110.23433983287345
2023-12-16 14:55:30,200.50743,1.6563664773457376,1757.5,1.0799754353480906,3172.5,1.3372337067996396,1216.5,110.62331338989704
2023-12-16 14:55:40,201.3728,1.6626756195037757,1976.5,1.087882673452459,3482.5,1.331757696575495,1371.0,113.11438334256293
2023-12-16 14:55:51,200.90251,1.6789449421489935,1876.5,1.090026099516171,3365.5,1.4126912701895955,1359.5,112.02443202846067
2023-12-16 14:56:01,197.5441,1.6550353387250216,1959.5,1.0758657969017875,3437.0,1.319302791209127,1414.0,111.76068597226877
2023-12-16 14:56:11,199.67337,1.683122728049032,1827.0,1.0819128961698132,3258.5,1.3187322903703436,1297.5,110.51932126429699
2023-12-16 14:56:21,199.75229,1.6602839323364893,1887.5,1.0738781252800644,3329.0,1.285454011758433,1303.0,111.62983731932185
2023-12-16 14:56:31,201.15294,1.6644658565132642,1756.0,1.0919305980604501,3189.0,1.3737459482681174,1203.5,110.8271619796082
2023-12-16 14:56:41,201.04575,1.6787009809728022,1810.5,1.0914292200298434,3264.0,1.416427025349995,1307.0,111.27592778889104
2023-12-16 14:56:51,203.48036,1.6785074986424955,1634.5,1.1055415703469351,3022.5,1.3230718796923022,1114.0,109.37151818300389
2023-12-16 14:57:02,206.16084,1.6969394234614685,1481.0,1.119196610705567,2830.0,1.3403199362573728,993.5,107.92475975791395
2023-12-16 14:57:12,201.76962,1.6696828385536095,1713.5,1.0900646515757155,3150.5,1.3509490437370888,1218.5,110.63083290161029
2023-12-16 14:57:22,200.75223,1.6558769041317871,1881.5,1.0739054181881849,3379.0,1.4035778531456231,1372.5,112.5687334401561
2023-12-16 14:57:32,200.83919,1.6605844306224746,1800.5,1.095426233617284,3283.5,1.3849781366046288,1306.5,111.10742634248794
2023-12-16 14:57:42,196.08702,1.6447962267348264,2085.0,1.0787830171536539,3615.5,1.3382272191300826,1535.0,113.78607076575553
2023-12-16 14:57:52,198.10712,1.6363210505484365,2017.0,1.0721205233977134,3482.0,1.3155913237254044,1405.5,112.54515466053513
2023-12-16 14:58:02,203.3169,1.6685134636754804,1542.5,1.0959899463428115,2885.5,1.339819828432317,1034.5,117.10525502745111
2023-12-16 14:58:13,199.52892,1.6621923244093604,1878.0,1.0827462392938978,3327.5,1.367757120480583,1341.0,120.24024196211225
2023-12-16 14:58:23,203.23848,1.6959314051255772,1538.5,1.10731600678394,2891.5,1.3704865240532547,1094.5,116.36364461342116
2023-12-16 14:58:33,199.48903,1.6332618661182996,1937.0,1.0861047002489432,3397.0,1.3107873251432152,1354.0,111.36952757248072
2023-12-16 14:58:43,nan,,,,,,,nan
2023-12-16 14:58:53,nan,,,,,,,nan
2023-12-16 14:59:03,nan,,,,,,,nan
2023-12-16 14:59:13,200.07527,1.6635001270575813,1766.0,1.086975200649493,3171.0,1.3225829128018018,1223.0,110.1048718649142
2023-12-16 14:59:24,nan,,,,,,,nan
2023-12-16 14:59:34,nan,,,,,,,nan
2023-12-16 14:59:44,203.29329,1.677882947931315,1655.5,1.082974539175909,3058.0,1.3702398155081537,1148.0,109.30159967320917
2023-12-16 14:59:54,200.96922,1.6769367600600766,1774.5,1.1033550202111289,3229.0,1.4018668944639696,1282.5,110.5048600736163
2023-12-16 15:00:04,200.8828,1.6776849745750329,1775.0,1.086485424713733,3217.5,1.3141339493472677,1230.5,110.8071388064353
2023-12-16 15:00:14,200.54639,1.6811267366283076,1790.0,1.0829209666176185,3227.5,1.323392510360451,1218.5,111.08079482685169
2023-12-16 15:00:24,203.23499,1.6876240475080948,1754.0,1.089949638847392,3194.0,1.3570982308440303,1212.5,111.167473043802
2023-12-16 15:00:34,198.23221,1.6569655245516346,1959.5,1.078244026475637,3427.0,1.4038189692014074,1427.0,112.45414953060035
2023-12-16 15:00:45,201.27838,1.6643364157814164,1643.5,1.0853312202683891,3011.5,1.312006452376888,1133.5,108.87316475331056
2023-12-16 15:00:55,199.043,1.6638211100559133,1997.5,1.08292318529515,3497.0,1.3575698228874444,1437.5,112.90876868039547
2023-12-16 15:01:05,199.97737,1.641318822343686,2149.0,1.0885170095102434,3740.0,1.3750910843726032,1567.5,114.89098529681047
2023-12-16 15:01:15,195.74025,1.6461716082913755,2393.0,1.0806449769695394,4065.0,1.3891570155827002,1843.5,116.97363493512384
2023-12-16 15:01:25,203.71698,1.6715047035861397,1609.0,1.0916540494789038,3015.5,1.348933787618992,1132.5,109.06848255723379
2023-12-16 15:01:35,200.50163,1.6752571477841403,1725.0,1.0909014163657884,3142.5,1.2776439680566933,1194.0,109.85907982626307
2023-12-16 15:01:46,200.1775,1.6588836431602243,1851.0,1.0830826422831639,3292.5,1.2875085236535524,1251.5,111.24523333311143
2023-12-16 15:01:56,200.63785,1.638359316349313,1919.5,1.0801885772315118,3427.0,1.3304952270995638,1324.0,112.16511880413537
2023-12-16 15:02:06,203.23007,1.6962300327094786,1509.0,1.1016911779401488,2860.0,1.3697252593489455,1066.5,107.53617758425753
2023-12-16 15:02:16,202.91234,1.6952852511168865,1640.5,1.0917702768499808,3052.5,1.3859251261747234,1166.5,109.61923783621467
2023-12-16 15:02:26,206.57939,1.7090718363638837,1267.0,1.119355381909241,2532.0,1.3244848404161835,857.0,104.82048825406358
2023-12-16 15:02:36,200.14943,1.6528606382002697,1814.5,1.0844477800163914,3275.0,1.3158491564333876,1260.5,110.4800058592287
2023-12-16 15:02:46,200.26971,1.648925687036251,2055.0,1.083503409887073,3584.5,1.3548750177967273,1460.5,112.92331202119274
2023-12-16 15:02:57,201.18773,1.6635438125663888,1840.0,1.089797032118284,3320.5,1.4189013923463105,1357.5,111.56219622468491
2023-12-16 15:03:07,201.08578,1.685770946992765,1689.5,1.0902772785188672,3072.0,1.353306274134713,1176.5,109.80984995503272
2023-12-16 15:03:17,198.83423,1.6295134608249362,2051.0,1.089626129691875,3588.0,1.3275025295711373,1482.0,113.34194595128349
2023-12-16 15:03:27,200.53418,1.6674443617011185,1912.0,1.101552413324497,3435.0,1.3571381658121102,1386.5,112.3304441412846
2023-12-16 15:03:37,203.45044,1.6922757370607797,1694.5,1.0948092301932395,3152.0,1.4120448755925135,1221.5,110.07172594241543
2023-12-16 15:03:47,203.2721,1.6753335537634086,1632.0,1.1012417757270514,3065.5,1.376845853006194,1166.0,109.25818853224999
2023-12-16 15:03:57,200.90396,1.676952269499061,1606.0,1.0960023232287774,3003.0,1.2988973251908678,1136.5,108.44613592910812
2023-12-16 15:04:07,201.4531,1.648017852056986,1801.0,1.085400726221382,3229.5,1.274759720586374,1207.5,110.92942463227232
2023-12-16 15:04:18,201.39537,1.6434101018409837,1798.5,1.0887659405030152,3283.5,1.3164675441132763,1249.5,111.21741522841205
2023-12-16 15:04:28,201.66597,1.6848271900971703,1728.0,1.0812855796294458,3135.0,1.3539995402287064,1188.0,110.73800806108773
2023-12-16 15:04:38,203.70857,1.6898284863680522,1543.0,1.103413883101137,2909.0,1.3081758822214475,1042.0,108.0247319582159
2023-12-16 15:04:48,198.70595,1.644448978254194,2043.0,1.086502441375112,3561.5,1.391472510180426,1499.0,113.23312188789492
2023-12-16 15:04:58,201.43483,1.670158295592209,1635.0,1.0899499143333848,3038.5,1.3175158984396989,1116.0,109.46225579715197
2023-12-16 15:05:08,204.56946,1.681694330332325,1522.0,1.10286651543707,2898.5,1.316075555404395,1034.0,108.57973804879718
2023-12-16 15:05:18,199.16483,1.65844950125651,1817.0,1.0768375654232443,3261.0,1.3474841864873643,1294.5,111.04119223570628
2023-12-16 15:05:29,201.96552,1.6920137095798695,1653.5,1.1019811053543311,3041.5,1.3198631994439285,1148.0,109.61316441160982
2023-12-16 15:05:39,201.6882,1.6759037577194786,1685.5,1.0888903968715589,3099.0,1.2939306938208366,1157.0,109.77497281240427
2023-12-16 15:05:49,204.00497,1.6674935635645396,1668.0,1.0925999855195465,3069.0,1.2913438961731523,1107.5,110.17561173076834
2023-12-16 15:05:59,201.3619,1.659384084288103,1715.5,1.0857185014077626,3141.5,1.3471931740232854,1183.5,110.4940740791779
2023-12-16 15:06:09,204.40866,1.6962551466979452,1369.5,1.112390089161647,2661.5,1.2833031820503273,928.0,106.57834826507693
2023-12-16 15:06:19,199.84288,1.6758602112014975,1850.5,1.086436117201515,3284.5,1.3423190583500269,1282.0,111.3281302135684
2023-12-16 15:06:29,203.28171,1.685158838745989,1685.5,1.1058313440460081,3098.5,1.3829594058665642,1164.0,109.74213784881489
2023-12-16 15:06:40,202.47707,1.6735913291254596,1762.5,1.0964546992636515,3204.5,1.357655517580652,1230.0,110.44747096995461
2023-12-16 15:06:50,201.29332,1.6472656243130739,1727.5,1.0839843287966124,3187.0,1.3415284430904233,1214.5,110.45072221823206
2023-12-16 15:07:00,201.91556,1.659859724301975,1668.0,1.090102600295953,3058.0,1.2970360048724867,1143.5,109.82147437868309
2023-12-16 15:07:10,204.39757,1.6647156849815972,1434.0,1.085173112298137,2757.5,1.2942829481598483,932.0,107.24727237659769
2023-12-16 15:07:20,202.37057,1.663587796693982,1734.5,1.0790352582563432,3172.0,1.3721564094931238,1220.0,110.67430016400509
2023-12-16 15:07:30,201.4164,1.690626995072906,1749.0,1.1013144511714132,3192.0,1.4190063707642422,1233.0,111.40555606728195
2023-12-16 15:07:41,198.64223,1.6728476964825625,1733.5,1.0778304326876367,3176.5,1.272694863198216,1206.0,110.36198637393392
2023-12-16 15:07:51,199.74669,1.6398012917483962,1960.0,1.0819278776463441,3463.5,1.286463428328732,1368.5,112.55421446523387
2023-12-16 15:08:01,195.20319,1.6229483108991805,2461.0,1.0724434594288388,4158.5,1.3476405275265246,1837.0,117.31916175466671
2023-12-16 15:08:11,201.05441,1.6475687754193764,2018.5,1.0742040906270531,3546.0,1.3964198775360745,1477.0,113.59712515749091
2023-12-16 15:08:21,200.99132,1.6917439468336244,1663.0,1.0839350971563924,3043.5,1.291766123019892,1130.5,109.82065011804362
2023-12-16 15:08:31,201.40468,1.648703169970111,1769.5,1.0875518627402898,3181.0,1.3341339432866364,1212.0,111.04043418631029
2023-12-16 15:08:41,195.8244,1.607913318355614,2320.5,1.0733535696273395,3924.0,1.3681626038351584,1723.0,115.79855127612781
2023-12-16 15:08:52,203.55731,1.6808041706205274,1416.0,1.100791794198415,2743.0,1.2932022414560647,935.0,107.50895645170742
2023-12-16 15:09:02,201.00511,1.655022226217917,1886.0,1.0820733869092038,3387.5,1.366288525387512,1353.5,112.77799079229482
2023-12-16 15:09:12,202.0648,1.6806018399720681,1694.5,1.090956306237413,3111.5,1.267532669867379,1158.5,110.24680278039031
2023-12-16 15:09:22,202.07933,1.6683433857775365,1728.5,1.093634453229271,3172.0,1.2794771580657744,1178.5,110.23829614998053
2023-12-16 15:09:32,191.23161,1.5904011216565532,2886.5,1.0378344391353156,4663.0,1.3364780813401733,2246.0,128.39563273860466
2023-12-16 15:09:42,202.60503,1.6618148825488097,1789.5,1.0737459394072937,3183.0,1.2857277750657676,1195.5,110.8433391615211
2023-12-16 15:09:53,198.6756,1.6558947277486527,1974.5,1.0898861534374895,3485.0,1.366268874423918,1417.5,113.1424002337842
2023-12-16 15:10:03,nan,,,,,,,nan
2023-12-16 15:10:13,nan,,,,,,,nan
2023-12-16 15:10:23,200.56569,1.6568156150783107,1829.0,1.0915017532942657,3297.0,1.2891607904574371,1243.5,111.29198819066889
2023-12-16 15:10:33,nan,,,,,,,nan
2023-12-16 15:10:43,nan,,,,,,,nan
2023-12-16 15:10:54,nan,,,,,,,nan
2023-12-16 15:11:04,200.39062,1.6484554013883346,1933.5,1.0715465956587145,3421.5,1.323111242221136,1354.0,112.56290019295844
2023-12-16 15:11:14,200.73691,1.648983723888562,1778.0,1.0719663509532273,3228.0,1.3682426011000555,1248.5,111.27000761103979
2023-12-16 15:11:24,202.52452,1.6723531738574855,1682.5,1.0918464267752275,3112.0,1.3509961982175855,1165.0,109.77730263349909
2023-12-16 15:11:34,204.83609,1.6938488135075715,1366.0,1.0938563617016055,2645.0,1.293120583109514,926.5,106.50934764292958
2023-12-16 15:11:44,198.29422,1.6326868048887524,1835.5,1.085695640263135,3303.5,1.3089904916313102,1281.5,111.56975056782069
2023-12-16 15:11:54,199.17567,1.6466888448903698,2031.0,1.0865226539241677,3568.5,1.383087962154059,1482.0,112.96112710253858
2023-12-16 15:12:05,201.42699,1.6643475721799872,1826.5,1.0890578200148615,3299.0,1.3265230419921457,1287.0,111.60422624921134
2023-12-16 15:12:15,200.96458,1.674677339124036,1744.0,1.1067985581304252,3188.5,1.3333572834680192,1222.5,110.54203688337991
2023-12-16 15:12:25,200.67558,1.651413307139331,1701.0,1.0961350206974505,3109.5,1.3152071111373373,1169.0,110.05973487717287
2023-12-16 15:12:35,197.3054,1.6477142763222523,2034.5,1.0728080312053854,3543.5,1.3623024664327565,1441.0,112.95386635157641
2023-12-16 15:12:45,199.79778,1.6555873791302127,1930.5,1.0968514017676445,3459.0,1.3715562014484013,1367.0,112.50158139373912
2023-12-16 15:12:55,202.03609,1.6710041035019856,1838.0,1.087658823859481,3289.5,1.389456917158116,1302.0,111.38760649173048
2023-12-16 15:13:05,200.4668,1.6630102555048156,1767.0,1.1036713018047952,3227.0,1.4194619673962638,1307.0,111.26500836300801
2023-12-16 15:13:16,199.69496,1.6432554510908925,1872.0,1.0994257969041126,3346.0,1.3306375086933004,1304.0,111.72821835742101
2023-12-16 15:13:26,202.01761,1.660928143339012,1861.0,1.0848532292728261,3371.0,1.3772543370027692,1307.5,112.67131250839208
2023-12-16 15:13:36,201.09009,1.6520283262462778,1641.5,1.086922690959342,3038.5,1.3237592046883946,1126.5,109.32843840375499
2023-12-16 15:13:46,199.80072,1.6487579236273,1960.5,1.083796655388591,3486.5,1.3708569135518236,1418.0,112.59000666883881
2023-12-16 15:13:56,200.20058,1.6696534924854103,1838.0,1.0797786003019174,3284.0,1.394877270561974,1314.0,111.30163097661067
2023-12-16 15:14:06,202.2809,1.6492217301651475,1748.5,1.097738809150463,3174.0,1.3107335944554843,1177.5,110.46712725073999
2023-12-16 15:14:16,200.43788,1.6388915510371782,2036.5,1.0821819932835115,3554.5,1.3563257246604061,1436.0,113.45330506415998
2023-12-16 15:14:27,208.80981,1.6850106408653107,1270.0,1.1101436206633797,2548.5,1.293162004562351,845.5,105.0445389187356
2023-12-16 15:14:37,201.08385,1.6639550225004618,1769.0,1.1004922195773095,3199.0,1.3463857274164632,1252.5,110.27276230121836
2023-12-16 15:14:47,195.53766,1.6234873227711781,2279.0,1.0781372096703374,3870.0,1.3026032196112556,1677.5,114.90850724468577
2023-12-16 15:14:57,200.01978,1.6491382884438284,1895.5,1.0765406928621928,3370.0,1.342625156188954,1339.5,111.58234690053763
2023-12-16 15:15:07,202.7462,1.6819454981561512,1680.5,1.103818109464592,3077.0,1.3441159221194894,1126.5,109.92567656229573
2023-12-16 15:15:17,200.8218,1.6576957655037292,1886.5,1.0744558811590204,3389.0,1.4170825046789077,1381.5,111.97954049561673
2023-12-16 15:15:27,200.90442,1.6634027524596475,1645.5,1.0956704502960508,3037.5,1.3447626560700439,1150.5,109.7878088268715
2023-12-16 15:15:38,201.30292,1.643583124075156,1783.5,1.0893730654896883,3215.0,1.3232112016429776,1223.0,111.05610680357466
2023-12-16 15:15:48,200.46417,1.641366054799874,1941.0,1.0802954113006527,3454.0,1.3554143133431893,1373.5,112.27362074883575
2023-12-16 15:15:58,204.60147,1.6830072728621548,1469.5,1.0872862569084922,2834.0,1.3693362097050474,1040.0,107.86965761041198
2023-12-16 15:16:08,197.18364,1.6446971159923718,1961.0,1.0766326440046152,3430.0,1.269927616459044,1359.5,111.8523998053594
2023-12-16 15:16:18,198.37593,1.6518370213574403,1858.0,1.0744716281489812,3339.0,1.345482130115919,1320.5,111.45959460253826
2023-12-16 15:16:28,200.87175,1.6598163693937344,1724.5,1.0881968744432016,3154.5,1.3056711148012232,1165.0,110.29075038817817
2023-12-16 15:16:38,199.33278,1.6473977916792633,2024.5,1.07675795071898,3537.5,1.38909270045611,1427.5,113.46564684177363
2023-12-16 15:16:48,202.23563,1.6714412365795062,1614.5,1.0983331839627681,2998.0,1.3747521066592816,1117.5,109.03684528410251
2023-12-16 15:16:59,204.11188,1.6908628679985274,1441.0,1.129414405528672,2814.0,1.3418281018438682,1016.5,107.70924813320309
2023-12-16 15:17:09,199.82294,1.647022080788433,1562.0,1.0949961932994337,2918.0,1.2837678072237368,1079.0,107.83702883736865
2023-12-16 15:17:19,203.27565,1.66477256996622,1510.0,1.0892287606735171,2857.0,1.2767307189088504,1013.0,107.69833872701076
2023-12-16 15:17:29,200.49852,1.6652618297653308,1822.0,1.0855099576835583,3304.0,1.3242256746576235,1269.5,111.48824727612032
2023-12-16 15:17:39,199.14478,1.627986504296092,1910.0,1.0795932459026358,3418.0,1.3992980343240569,1395.5,112.66484186147613
2023-12-16 15:17:49,203.12141,1.6884842486858156,1541.5,1.1114786573382596,2877.0,1.319474709960348,1051.5,108.45480319371975
2023-12-16 15:17:59,200.75908,1.6689918578000065,1784.5,1.0940060796082003,3252.5,1.2576604978918526,1198.5,110.45388097040127
2023-12-16 15:18:10,200.67113,1.6444042634338423,1782.5,1.0775687605912458,3206.5,1.340959743081601,1227.5,110.5589065299035
2023-12-16 15:18:20,201.65434,1.6740796792505617,1636.0,1.100468094218551,3059.0,1.3999747956115873,1185.5,109.54574341907411
2023-12-16 15:18:30,199.408,1.651240083388555,2097.0,1.0972999899701679,3668.5,1.3474448678708995,1532.0,113.32773075668784
2023-12-16 15:18:40,200.8005,1.673013994305038,1809.0,1.0913724366633342,3276.5,1.306361114216235,1265.0,111.1714519692211
2023-12-16 15:18:50,199.03676,1.651080864386436,2043.0,1.0755129618372565,3546.0,1.2940085780499975,1427.0,113.29271258078764
2023-12-16 15:19:00,201.27199,1.6574349933496995,1797.5,1.083699934363168,3251.5,1.3516495499611594,1269.0,111.05028178745671
2023-12-16 15:19:11,202.32481,1.6879436407268338,1594.5,1.1077518447815036,2973.5,1.3358752455127463,1096.0,108.70017462166106
2023-12-16 15:19:21,203.98047,1.659042374876527,1627.0,1.1035597901930259,3031.5,1.2872727685953012,1104.0,109.59388846265028
2023-12-16 15:19:31,203.00995,1.686109120169338,1716.5,1.0873317040690533,3181.5,1.3700429063009794,1198.5,110.92683266694448
2023-12-16 15:19:41,202.79431,1.6797188839178674,1751.5,1.090402700808064,3253.0,1.3705788074163114,1253.0,110.9088183547261
2023-12-16 15:19:51,203.18549,1.651726941902037,1812.5,1.0938456844134312,3312.5,1.3029049623747098,1256.5,111.25597805885064
2023-12-16 15:20:01,201.73396,1.6877501225262375,1692.5,1.0799732146415204,3120.5,1.3368710036655413,1190.5,110.06279121056494
2023-12-16 15:20:11,nan,,,,,,,nan
2023-12-16 15:20:22,nan,,,,,,,nan
2023-12-16 15:20:32,nan,,,,,,,nan
2023-12-16 15:20:42,199.61182,1.6682921888912767,1849.0,1.0866203546510496,3333.0,1.333466062874975,1316.0,111.53266875871044
2023-12-16 15:20:52,nan,,,,,,,nan
2023-12-16 15:21:02,201.43248,1.6720781089681913,1688.5,1.0891600524250058,3130.5,1.3117019111511672,1174.5,109.58975642864384
2023-12-16 15:21:12,200.24164,1.642016289333431,1946.5,1.0805891259146558,3476.5,1.3469086922357625,1403.5,112.29445723827956
2023-12-16 15:21:22,205.4632,1.6546088195323456,1443.0,1.0959490295317245,2834.0,1.3217190332646578,965.5,107.44107047388175
2023-12-16 15:21:33,205.10727,1.6538440420404206,1553.0,1.0921065378426054,2932.5,1.3373840640109358,1074.0,108.40959245012745
2023-12-16 15:21:43,199.46768,1.6358511524498063,2055.5,1.0834933740980148,3613.0,1.3330284780914399,1493.5,113.094853345049
2023-12-16 15:21:53,203.60727,1.6670729758050356,1611.5,1.092487304907396,3015.5,1.3309315426067774,1104.0,109.02034476370284
2023-12-16 15:22:03,205.98152,1.7030590650308117,1415.0,1.1205543682677637,2761.5,1.3077889753091578,950.0,106.92092581018838
2023-12-16 15:22:13,204.77289,1.6859000417612622,1532.5,1.1121321065992975,2934.5,1.317594360682979,1051.0,108.64021566432805
2023-12-16 15:22:23,202.72743,1.6622469309983803,1641.5,1.0883005327372723,3056.5,1.3092381393576096,1124.0,108.92759226789093
2023-12-16 15:22:33,207.60571,1.663900584185743,1230.5,1.1057428866148673,2509.5,1.2375994578442864,799.5,105.40770513450002
2023-12-16 15:22:43,206.97868,1.6693559166843044,1493.5,1.0836088439891303,2850.0,1.265332184280198,957.5,107.66457349751846
2023-12-16 15:22:54,203.11214,1.6750643509367316,1561.0,1.0913152194825464,2912.0,1.3555057179413812,1056.0,108.31300118512878
2023-12-16 15:23:04,202.24185,1.686069648779677,1550.0,1.0989214946731352,2931.0,1.3408265491161326,1057.5,108.78857326690664
2023-12-16 15:23:14,200.89758,1.6576685522881607,1745.0,1.0873455441515638,3195.5,1.277617474048805,1200.5,110.30611318484256
2023-12-16 15:23:24,202.47781,1.6726604705429395,1716.5,1.09245228602177,3156.0,1.3538876981709702,1215.5,110.21405288833812
2023-12-16 15:23:34,202.90154,1.6800362761342769,1801.0,1.0946035922522739,3311.0,1.3527879294692076,1254.0,111.03689621231167
2023-12-16 15:23:44,201.91216,1.6554689827506732,1947.5,1.071392700248507,3451.0,1.285756756294885,1383.0,112.07321850405653
2023-12-16 15:23:55,200.95123,1.6719145926686703,1904.5,1.0896064136999366,3413.0,1.3524570634176636,1348.0,112.05277209988164
2023-12-16 15:24:05,199.29878,1.649115877613217,1895.0,1.0814092089824259,3391.5,1.3264092813372352,1326.0,111.99298568536916
